"channel","total_spend","roas_7d","roas_14d","roas_30d"
"affiliate",803094.32,396.9358627888191265,740.3935437869863156,1511.4991168907781592
"display",1198982.62,265.8728587825568314,495.9253284088471608,1012.4219777764585111
"email",399896.56,797.1484846231235397,1486.8991360665868194,3035.4758627080963137
"paid_search",2414099.47,132.0479710017914051,246.3054472150644232,502.8278124181850717
"paid_social",2009386.46,158.6439160190220452,295.9141317096363832,604.1029834848195404
"tv",1599735.90,199.2684772592776095,371.6900080694569647,758.7979712526298872
