"channel","total_spend","total_revenue"
"paid_search",2429204.32,11530854.1338834283949590086714
"paid_social",2021953.62,9602905.0849303197652807626998
"tv",1609747.89,7640226.3615047272888805425012
"display",1206813.12,5730201.9485735419771320206454
"affiliate",807969.90,3836247.7955044566185825650809
"email",402459.44,1911717.5856035259551744477179
