"corr_paid_search","corr_paid_social","corr_display","corr_email","corr_affiliate","corr_tv"
"0.753437635736537","0.7679642291963845","0.7507337056324218","0.7569531181243963","0.7460176333611646","0.738489761919486"
