"channel","avg_spend","stddev_spend","cv"
"paid_social_spend","2752.5841917808219178","353.862392458807","0.12855642836118698142"
"affiliate_spend","1100.1292054794520548","141.991292140794","0.12906783260872722895"
"display_spend","1642.4419452054794521","212.533801993709","0.12940110462602666417"
"paid_search_spend","3306.9855753424657534","427.970200676988","0.12941399075581638730"
"email_spend","547.8035068493150685","71.2812101616959449","0.13012185805758879190"
"tv_spend","2191.4190410958904110","290.855722284025","0.13272483118453380336"
